operator,count
Georgia Power,2459
Duke Energy,700
Tennessee Valley Authority,526
Jacksonville Electric Authority,483
Florida Power & Light,177
Duke Energy Progress,128
Georgia Transmission Corporation,116
Knoxville Utilities Board,108
Clay Electric Cooperative,79
Fayetteville Public Works,71
Dominion Energy South Carolina,60
City of Tallahassee,45
Four County EMC,42
South Carolina Gas & Electric,40
FPUC,32
City of High Point,27
BES Beaches Energy Services,26
South River Electric Membership Corporation,26
Lumbee River EMC,23
City of Concord,22
Fayetteville Public Works Commission,20
City of Lexington,18
Lockhart Power,18
"Consolidated Nuclear Security, LLC",17
South Carolina Electric & Gas,16
Flint Energies,15
Energy United,14
Newport Utilities,14
South Carolina Electric & Gas Company,14
City of Maryville Electric Department,12
Dominion Energy,12
Cleveland Utilities,11
MEAG,10
Sevier County Electric System,9
Thomasville Utilities,9
Volunteer Energy Cooperative,9
Randolph EMC,8
Brunswick EMC,7
Grady EMC,7
TVA,7
MCEC,6
Mitchell EMC,6
Municipal Electric Authority of Georgia,6
Pee Dee Electric Cooperative,6
Fort Loudoun Electric Cooperative,5
Haywood EMC,5
JEA,5
Progress Energy Carolinas,5
Clay Electric Cooperative;JEA,4
Duke Power,4
EnergyUnited,4
Pee Dee Electric Coorperative,4
Santee Cooper,4
Santee Electric Cooperative,4
"SR Clay, LLC",4
Alabama Power,3
Altamaha EMC,3
Athens Utilities Board,3
Berkeley Electric Cooperative,3
Colonial Pipeline Company,3
Colquitt EMC,3
Loudon Utilities Board,3
Marlboro Electric Coorperative,3
Nutrien,3
Products (SE) Pipe Line Corporation,3
Rockwood Electric Utility,3
University of South Carolina,3
Auria Solutions,2
Blue Ridge EMC,2
City of Maryville,2
"Duke Energy Progress, LLC",2
Edisto Electric,2
Georgia Power Company,2
Georgia Transmission Cooperative,2
Lenoir City Utilities Board,2
Oak Ridge National Laboratory,2
Pee Dee Electic Coorperative,2
Satilla EMC,2
Sweetwater Utilities Board,2
Three Notch EMC,2
Tri-County Electric Cooperative,2
Active Minerals International LLC,1
AES Corporation,1
Albany Utilities,1
"Allora Solar, LLC",1
Americus Solar LLC,1
Appalachian Power Company,1
Arconic Corporation,1
"Arvinmeritor, Inc.",1
Athens Utilites Board,1
Athens Utility Board,1
Baker Furniture,1
"Blackwater Solar, LLC",1
Blue Ridge Electric Cooperative,1
Camp South V to Albion Sub 46 kV,1
"Carlex Glass America, LLC",1
Caroll EMC,1
Central Electric Power Cooperative,1
City of Alcoa,1
"Columbia Forest Products, Inc.",1
Crane Resistoflex Company,1
"Crestwood Midstream Partners, LP",1
Crisp County Power Commision,1
"Denso Manufacturing Tennessee, Inc.",1
Dixie Pipeline Company LLC,1
Duke Enery Progress,1
"Eastover Solar, LLC",1
Eaton Aeroquip Corp.,1
"Enviva Pellets Greenwood, LLC",1
Ethan Allen,1
Facebook,1
Fairfield Electric,1
FlintEnergies,1
Fort Loudon Electric Cooperative,1
Georgia Transmission,1
Geprgia Power,1
GTC Georgia Transmission Corporation,1
"Hanesbrands, Inc.",1
Harriman Utility Board,1
Hi Tech Machine Corp,1
"Horry Electric Cooperative, Inc.",1
Huber Engineered Woods LLC,1
IBM,1
Jackson Paper Manufacturing,1
Jefferson EMC,1
"Jen-Weld, Inc.",1
"JSD Pinson PV-1, LLC",1
Kimberley-Clark Corp.,1
Langdale Forest Products Co.,1
Little Ogmulgee EMC,1
Lumbee River Substation,1
Marietta Power & Georgia Transmission,1
MEAG Power,1
Metropolitan Atlanta Rapid Transit Authority,1
Moody Air Force Base,1
"New Horizon Electric Cooperative, Inc.",1
North Georgia EMC,1
Oglethorpe Power Corporation,1
Okefenoke Rural Electric Membership Corporation,1
Piedmont Electric,1
Pine Gate Renewables,1
PowerSouth Energy Cooperative,1
PWR,1
Santee Electric Coorperative,1
Savannah Electric and Power Company,1
SCE&G,1
"SGL Carbon, LLC",1
South River EMC,1
Southern Power,1
"SR Arlington, LLC",1
"SR DeSoto I, LLC",1
"SR Perry, LLC",1
SVEC Suwannee Valley Electric Cooperative,1
Talquin Electric Cooperative,1
Town of Huntersville,1
Tri-County EMC,1
Valdese Textiles,1
Valdese Weavers,1
W.R. Grace & Co.,1
"Washington County Solar, LLC",1
Western Carolina University Power,1
WestRock,1
WestRock CP LLC,1
